{
  "project_info": {
    "project_number": "354568814115",
    "firebase_url": "https://animalgame-2fcb3.firebaseio.com",
    "project_id": "animalgame-2fcb3",
    "storage_bucket": "animalgame-2fcb3.appspot.com"
  },
  "client": [
    {
      "client_info": {
        "mobilesdk_app_id": "1:354568814115:android:28ed785409e7a47a",
        "android_client_info": {
          "package_name": "cs193a.stanford.edu.animalgame"
        }
      },
      "oauth_client": [
        {
          "client_id": "354568814115-ggi95vbg7k1dtng7i2ktsr84rvke006t.apps.googleusercontent.com",
          "client_type": 3
        }
      ],
      "api_key": [
        {
          "current_key": "AIzaSyCY_FvJyTndQhenhA5-mOvf5OIRfRHMx_4"
        }
      ],
      "services": {
        "analytics_service": {
          "status": 1
        },
        "appinvite_service": {
          "status": 1,
          "other_platform_oauth_client": []
        },
        "ads_service": {
          "status": 2
        }
      }
    }
  ],
  "configuration_version": "1"
}